<?xml version="1.0" encoding="UTF-8"?>
<project-private xmlns="http://www.netbeans.org/ns/project-private/1">
    <editor-bookmarks xmlns="http://www.netbeans.org/ns/editor-bookmarks/2" lastBookmarkId="0"/>
    <open-files xmlns="http://www.netbeans.org/ns/projectui-open-files/2">
        <group>
            <file>file:/C:/Users/jilin/Desktop/cmpsc%20221/RoomSchedulerLianghkl5249/src/roomschedulerlianghkl5249/waitlistQueries.java</file>
            <file>file:/C:/Users/jilin/Desktop/cmpsc%20221/RoomSchedulerLianghkl5249/src/roomschedulerlianghkl5249/Date.java</file>
            <file>file:/C:/Users/jilin/Desktop/cmpsc%20221/RoomSchedulerLianghkl5249/src/roomschedulerlianghkl5249/MainFrame.java</file>
            <file>file:/C:/Users/jilin/Desktop/cmpsc%20221/RoomSchedulerLianghkl5249/src/roomschedulerlianghkl5249/reservationQueries.java</file>
            <file>file:/C:/Users/jilin/Desktop/cmpsc%20221/RoomSchedulerLianghkl5249/src/roomschedulerlianghkl5249/roomQueries.java</file>
            <file>file:/C:/Users/jilin/Desktop/cmpsc%20221/RoomSchedulerLianghkl5249/src/roomschedulerlianghkl5249/Faculty.java</file>
        </group>
    </open-files>
</project-private>
